/eos/cms/store/group/phys_susy/AN-24-166/pdas/condorSkim/2025-05-06-13h17m_year-2016preVFP,DYJetsToLL_M-50,2016preVFP,6077.22,95170542.0
/eos/cms/store/group/phys_susy/AN-24-166/pdas/condorSkim/2025-05-06-13h17m_year-2016preVFP,DY1JetsToLL,2016preVFP,876.9,31961410.0
/eos/cms/store/group/phys_susy/AN-24-166/pdas/condorSkim/2025-05-06-13h17m_year-2016preVFP,DY2JetsToLL,2016preVFP,306.4,12696373.0
/eos/cms/store/group/phys_susy/AN-24-166/pdas/condorSkim/2025-05-06-13h17m_year-2016preVFP,DY3JetsToLL,2016preVFP,112.0,10285720.0
/eos/cms/store/group/phys_susy/AN-24-166/pdas/condorSkim/2025-05-06-13h17m_year-2016preVFP,DY4JetsToLL,2016preVFP,44.03,4655680.0
/eos/cms/store/group/phys_susy/AN-24-166/pdas/condorSkim/2025-05-06-13h17m_year-2016preVFP,DYJetsToLL_M-10to50,2016preVFP,15890.0,25799525.0
/eos/cms/store/group/phys_susy/AN-24-166/pdas/condorSkim/2025-05-06-13h17m_year-2016preVFP,DY1JetsToLL_M-10to50,2016preVFP,565.8,1847420.0
/eos/cms/store/group/phys_susy/AN-24-166/pdas/condorSkim/2025-05-06-13h17m_year-2016preVFP,DY2JetsToLL_M-10to50,2016preVFP,314.7,1649281.0
/eos/cms/store/group/phys_susy/AN-24-166/pdas/condorSkim/2025-05-06-13h17m_year-2016preVFP,DY3JetsToLL_M-10to50,2016preVFP,77.15,2124192.0
/eos/cms/store/group/phys_susy/AN-24-166/pdas/condorSkim/2025-05-06-13h17m_year-2016preVFP,DY4JetsToLL_M-10to50,2016preVFP,28.47,1636698.0
/eos/cms/store/group/phys_susy/AN-24-166/pdas/condorSkim/2025-05-06-13h17m_year-2016preVFP,GluGluHToTauTau,2016preVFP,3.0469,6134000.0
/eos/cms/store/group/phys_susy/AN-24-166/pdas/condorSkim/2025-05-06-13h17m_year-2016preVFP,GluGluHToWWTo2L2Nu,2016preVFP,1.10195,4666982.0
/eos/cms/store/group/phys_susy/AN-24-166/pdas/condorSkim/2025-05-06-13h17m_year-2016preVFP,GluGluZH_HToWW,2016preVFP,0.02622099,3798778.0
/eos/cms/store/group/phys_susy/AN-24-166/pdas/condorSkim/2025-05-06-13h17m_year-2016preVFP,HWminusJ_HToWW,2016preVFP,0.114,2966470.0
/eos/cms/store/group/phys_susy/AN-24-166/pdas/condorSkim/2025-05-06-13h17m_year-2016preVFP,HWplusJ_HToWW,2016preVFP,0.180,2946692.0
/eos/cms/store/group/phys_susy/AN-24-166/pdas/condorSkim/2025-05-06-13h17m_year-2016preVFP,HZJ_HToWW,2016preVFP,0.163,2974252.0
/eos/cms/store/group/phys_susy/AN-24-166/pdas/condorSkim/2025-05-06-13h17m_year-2016preVFP,ST_t-channel_antitop,2016preVFP,80.0,31024000.0
/eos/cms/store/group/phys_susy/AN-24-166/pdas/condorSkim/2025-05-06-13h17m_year-2016preVFP,ST_t-channel_top,2016preVFP,134.2,55961000.0
/eos/cms/store/group/phys_susy/AN-24-166/pdas/condorSkim/2025-05-06-13h17m_year-2016preVFP,ST_tW_antitop,2016preVFP,39.65,2300000.0
/eos/cms/store/group/phys_susy/AN-24-166/pdas/condorSkim/2025-05-06-13h17m_year-2016preVFP,ST_tW_top,2016preVFP,39.65,2300000.0
/eos/cms/store/group/phys_susy/AN-24-166/pdas/condorSkim/2025-05-06-13h17m_year-2016preVFP,TTTo2L2Nu,2016preVFP,89.16,37505000.0
/eos/cms/store/group/phys_susy/AN-24-166/pdas/condorSkim/2025-05-06-13h17m_year-2016preVFP,TTToHadronic,2016preVFP,378.82,97260000.0
/eos/cms/store/group/phys_susy/AN-24-166/pdas/condorSkim/2025-05-06-13h17m_year-2016preVFP,TTToSemiLeptonic,2016preVFP,367.68,132178000.0
/eos/cms/store/group/phys_susy/AN-24-166/pdas/condorSkim/2025-05-06-13h17m_year-2016preVFP,VBFHToTauTau,2016preVFP,0.237,1395000.0
/eos/cms/store/group/phys_susy/AN-24-166/pdas/condorSkim/2025-05-06-13h17m_year-2016preVFP,VBFHToWWTo2L2Nu,2016preVFP,0.0864,2204000.0
/eos/cms/store/group/phys_susy/AN-24-166/pdas/condorSkim/2025-05-06-13h17m_year-2016preVFP,VVTo2L2Nu,2016preVFP,14.26,46677585.0
/eos/cms/store/group/phys_susy/AN-24-166/pdas/condorSkim/2025-05-06-13h17m_year-2016preVFP,W1JetsToLNu,2016preVFP,8927.0,47939105.0
/eos/cms/store/group/phys_susy/AN-24-166/pdas/condorSkim/2025-05-06-13h17m_year-2016preVFP,W2JetsToLNu,2016preVFP,2809.0,26944649.0
/eos/cms/store/group/phys_susy/AN-24-166/pdas/condorSkim/2025-05-06-13h17m_year-2016preVFP,W3JetsToLNu,2016preVFP,826.3,16517929.0
/eos/cms/store/group/phys_susy/AN-24-166/pdas/condorSkim/2025-05-06-13h17m_year-2016preVFP,W4JetsToLNu,2016preVFP,494.6,4598664.0
/eos/cms/store/group/phys_susy/AN-24-166/pdas/condorSkim/2025-05-06-13h17m_year-2016preVFP,WJetsToLNu,2016preVFP,53870.0,74060701.0
/eos/cms/store/group/phys_susy/AN-24-166/pdas/condorSkim/2025-05-06-13h17m_year-2016preVFP,WJetsToLNu-ext1,2016preVFP,53870.0,74060701.0
/eos/cms/store/group/phys_susy/AN-24-166/pdas/condorSkim/2025-05-06-13h17m_year-2016preVFP,WZTo2Q2L,2016preVFP,6.419,15678816.0
/eos/cms/store/group/phys_susy/AN-24-166/pdas/condorSkim/2025-05-06-13h17m_year-2016preVFP,WZTo3LNu,2016preVFP,4.43,9633623.0
/eos/cms/store/group/phys_susy/AN-24-166/pdas/condorSkim/2025-05-06-13h17m_year-2016preVFP,WminusHToTauTau,2016preVFP,0.0334,1885427.0
/eos/cms/store/group/phys_susy/AN-24-166/pdas/condorSkim/2025-05-06-13h17m_year-2016preVFP,WplusHToTauTau,2016preVFP,0.0527,1915820.0
/eos/cms/store/group/phys_susy/AN-24-166/pdas/condorSkim/2025-05-06-13h17m_year-2016preVFP,ZHToTauTau,2016preVFP,0.477,2481740.0
/eos/cms/store/group/phys_susy/AN-24-166/pdas/condorSkim/2025-05-06-13h17m_year-2016preVFP,ZZTo2Q2L,2016preVFP,3.676,16060738.0
/eos/cms/store/group/phys_susy/AN-24-166/pdas/condorSkim/2025-05-06-13h17m_year-2016preVFP,ZZTo4L,2016preVFP,1.325,49691000.0
/eos/cms/store/group/phys_susy/AN-24-166/pdas/condorSkim/2025-05-06-13h17m_year-2016preVFP,ttHToNonbb,2016preVFP,0.212,1977996.0
/eos/cms/store/group/phys_susy/AN-24-166/pdas/condorSkim/2025-05-06-13h17m_year-2016preVFP,ttHTobb,2016preVFP,0.295,4622000.0
/eos/cms/store/group/phys_susy/AN-24-166/pdas/condorSkim/2025-05-06-13h17m_year-2016preVFP,Cascade_ggH_MA1-15_MA2-100,2016preVFP,48.6,127934.0
/eos/cms/store/group/phys_susy/AN-24-166/pdas/condorSkim/2025-05-06-13h17m_year-2016preVFP,Cascade_ggH_MA1-15_MA2-110,2016preVFP,48.6,135329.0
/eos/cms/store/group/phys_susy/AN-24-166/pdas/condorSkim/2025-05-06-13h17m_year-2016preVFP,Cascade_ggH_MA1-15_MA2-30,2016preVFP,48.6,169077.0
/eos/cms/store/group/phys_susy/AN-24-166/pdas/condorSkim/2025-05-06-13h17m_year-2016preVFP,Cascade_ggH_MA1-15_MA2-40,2016preVFP,48.6,187858.0
/eos/cms/store/group/phys_susy/AN-24-166/pdas/condorSkim/2025-05-06-13h17m_year-2016preVFP,Cascade_ggH_MA1-15_MA2-50,2016preVFP,48.6,115103.0
/eos/cms/store/group/phys_susy/AN-24-166/pdas/condorSkim/2025-05-06-13h17m_year-2016preVFP,Cascade_ggH_MA1-15_MA2-60,2016preVFP,48.6,132379.0
/eos/cms/store/group/phys_susy/AN-24-166/pdas/condorSkim/2025-05-06-13h17m_year-2016preVFP,Cascade_ggH_MA1-15_MA2-70,2016preVFP,48.6,156969.0
/eos/cms/store/group/phys_susy/AN-24-166/pdas/condorSkim/2025-05-06-13h17m_year-2016preVFP,Cascade_ggH_MA1-15_MA2-80,2016preVFP,48.6,130957.0
/eos/cms/store/group/phys_susy/AN-24-166/pdas/condorSkim/2025-05-06-13h17m_year-2016preVFP,Cascade_ggH_MA1-15_MA2-90,2016preVFP,48.6,167714.0
/eos/cms/store/group/phys_susy/AN-24-166/pdas/condorSkim/2025-05-06-13h17m_year-2016preVFP,Cascade_ggH_MA1-20_MA2-100,2016preVFP,48.6,181979.0
/eos/cms/store/group/phys_susy/AN-24-166/pdas/condorSkim/2025-05-06-13h17m_year-2016preVFP,Cascade_ggH_MA1-20_MA2-40,2016preVFP,48.6,156711.0
/eos/cms/store/group/phys_susy/AN-24-166/pdas/condorSkim/2025-05-06-13h17m_year-2016preVFP,Cascade_ggH_MA1-20_MA2-50,2016preVFP,48.6,176615.0
/eos/cms/store/group/phys_susy/AN-24-166/pdas/condorSkim/2025-05-06-13h17m_year-2016preVFP,Cascade_ggH_MA1-20_MA2-60,2016preVFP,48.6,139173.0
/eos/cms/store/group/phys_susy/AN-24-166/pdas/condorSkim/2025-05-06-13h17m_year-2016preVFP,Cascade_ggH_MA1-20_MA2-70,2016preVFP,48.6,142422.0
/eos/cms/store/group/phys_susy/AN-24-166/pdas/condorSkim/2025-05-06-13h17m_year-2016preVFP,Cascade_ggH_MA1-20_MA2-80,2016preVFP,48.6,132402.0
/eos/cms/store/group/phys_susy/AN-24-166/pdas/condorSkim/2025-05-06-13h17m_year-2016preVFP,Cascade_ggH_MA1-20_MA2-90,2016preVFP,48.6,141378.0
/eos/cms/store/group/phys_susy/AN-24-166/pdas/condorSkim/2025-05-06-13h17m_year-2016preVFP,Cascade_ggH_MA1-30_MA2-60,2016preVFP,48.6,211844.0
/eos/cms/store/group/phys_susy/AN-24-166/pdas/condorSkim/2025-05-06-13h17m_year-2016preVFP,Cascade_ggH_MA1-30_MA2-70,2016preVFP,48.6,120355.0
/eos/cms/store/group/phys_susy/AN-24-166/pdas/condorSkim/2025-05-06-13h17m_year-2016preVFP,Cascade_ggH_MA1-30_MA2-80,2016preVFP,48.6,193880.0
/eos/cms/store/group/phys_susy/AN-24-166/pdas/condorSkim/2025-05-06-13h17m_year-2016preVFP,Cascade_ggH_MA1-30_MA2-90,2016preVFP,48.6,182021.0
/eos/cms/store/group/phys_susy/AN-24-166/pdas/condorSkim/2025-05-06-13h17m_year-2016preVFP,Cascade_VBF_MA1-15_MA2-100,2016preVFP,3.782,183131.0
/eos/cms/store/group/phys_susy/AN-24-166/pdas/condorSkim/2025-05-06-13h17m_year-2016preVFP,Cascade_VBF_MA1-15_MA2-110,2016preVFP,3.782,159525.0
/eos/cms/store/group/phys_susy/AN-24-166/pdas/condorSkim/2025-05-06-13h17m_year-2016preVFP,Cascade_VBF_MA1-15_MA2-30,2016preVFP,3.782,149467.0
/eos/cms/store/group/phys_susy/AN-24-166/pdas/condorSkim/2025-05-06-13h17m_year-2016preVFP,Cascade_VBF_MA1-15_MA2-40,2016preVFP,3.782,160273.0
/eos/cms/store/group/phys_susy/AN-24-166/pdas/condorSkim/2025-05-06-13h17m_year-2016preVFP,Cascade_VBF_MA1-15_MA2-50,2016preVFP,3.782,175500.0
/eos/cms/store/group/phys_susy/AN-24-166/pdas/condorSkim/2025-05-06-13h17m_year-2016preVFP,Cascade_VBF_MA1-15_MA2-60,2016preVFP,3.782,163168.0
/eos/cms/store/group/phys_susy/AN-24-166/pdas/condorSkim/2025-05-06-13h17m_year-2016preVFP,Cascade_VBF_MA1-15_MA2-70,2016preVFP,3.782,155468.0
/eos/cms/store/group/phys_susy/AN-24-166/pdas/condorSkim/2025-05-06-13h17m_year-2016preVFP,Cascade_VBF_MA1-15_MA2-80,2016preVFP,3.782,150899.0
/eos/cms/store/group/phys_susy/AN-24-166/pdas/condorSkim/2025-05-06-13h17m_year-2016preVFP,Cascade_VBF_MA1-15_MA2-90,2016preVFP,3.782,150649.0
/eos/cms/store/group/phys_susy/AN-24-166/pdas/condorSkim/2025-05-06-13h17m_year-2016preVFP,Cascade_VBF_MA1-20_MA2-100,2016preVFP,3.782,149799.0
/eos/cms/store/group/phys_susy/AN-24-166/pdas/condorSkim/2025-05-06-13h17m_year-2016preVFP,Cascade_VBF_MA1-20_MA2-40,2016preVFP,3.782,167158.0
/eos/cms/store/group/phys_susy/AN-24-166/pdas/condorSkim/2025-05-06-13h17m_year-2016preVFP,Cascade_VBF_MA1-20_MA2-50,2016preVFP,3.782,158746.0
/eos/cms/store/group/phys_susy/AN-24-166/pdas/condorSkim/2025-05-06-13h17m_year-2016preVFP,Cascade_VBF_MA1-20_MA2-60,2016preVFP,3.782,145546.0
/eos/cms/store/group/phys_susy/AN-24-166/pdas/condorSkim/2025-05-06-13h17m_year-2016preVFP,Cascade_VBF_MA1-20_MA2-70,2016preVFP,3.782,146509.0
/eos/cms/store/group/phys_susy/AN-24-166/pdas/condorSkim/2025-05-06-13h17m_year-2016preVFP,Cascade_VBF_MA1-20_MA2-80,2016preVFP,3.782,181861.0
/eos/cms/store/group/phys_susy/AN-24-166/pdas/condorSkim/2025-05-06-13h17m_year-2016preVFP,Cascade_VBF_MA1-20_MA2-90,2016preVFP,3.782,162216.0
/eos/cms/store/group/phys_susy/AN-24-166/pdas/condorSkim/2025-05-06-13h17m_year-2016preVFP,Cascade_VBF_MA1-30_MA2-60,2016preVFP,3.782,149978.0
/eos/cms/store/group/phys_susy/AN-24-166/pdas/condorSkim/2025-05-06-13h17m_year-2016preVFP,Cascade_VBF_MA1-30_MA2-70,2016preVFP,3.782,172274.0
/eos/cms/store/group/phys_susy/AN-24-166/pdas/condorSkim/2025-05-06-13h17m_year-2016preVFP,Cascade_VBF_MA1-30_MA2-80,2016preVFP,3.782,133485.0
/eos/cms/store/group/phys_susy/AN-24-166/pdas/condorSkim/2025-05-06-13h17m_year-2016preVFP,Cascade_VBF_MA1-30_MA2-90,2016preVFP,3.782,137187.0
/eos/cms/store/group/phys_susy/AN-24-166/pdas/condorSkim/2025-05-06-13h17m_year-2016preVFP,NonCascade_ggH_MA2-20-MA1-15,2016preVFP,48.6,145920.0
/eos/cms/store/group/phys_susy/AN-24-166/pdas/condorSkim/2025-05-06-13h17m_year-2016preVFP,NonCascade_ggH_MA2-30-MA1-15,2016preVFP,48.6,132396.0
/eos/cms/store/group/phys_susy/AN-24-166/pdas/condorSkim/2025-05-06-13h17m_year-2016preVFP,NonCascade_ggH_MA2-30-MA1-20,2016preVFP,48.6,150242.0
/eos/cms/store/group/phys_susy/AN-24-166/pdas/condorSkim/2025-05-06-13h17m_year-2016preVFP,NonCascade_ggH_MA2-40-MA1-20,2016preVFP,48.6,150800.0
/eos/cms/store/group/phys_susy/AN-24-166/pdas/condorSkim/2025-05-06-13h17m_year-2016preVFP,NonCascade_ggH_MA2-40-MA1-30,2016preVFP,48.6,152776.0
/eos/cms/store/group/phys_susy/AN-24-166/pdas/condorSkim/2025-05-06-13h17m_year-2016preVFP,NonCascade_ggH_MA2-50-MA1-30,2016preVFP,48.6,145443.0
/eos/cms/store/group/phys_susy/AN-24-166/pdas/condorSkim/2025-05-06-13h17m_year-2016preVFP,NonCascade_ggH_MA2-60-MA1-30,2016preVFP,48.6,151412.0
/eos/cms/store/group/phys_susy/AN-24-166/pdas/condorSkim/2025-05-06-13h17m_year-2016preVFP,NonCascade_ggH_MA2-50-MA1-40,2016preVFP,48.6,158458.0
/eos/cms/store/group/phys_susy/AN-24-166/pdas/condorSkim/2025-05-06-13h17m_year-2016preVFP,NonCascade_ggH_MA2-60-MA1-40,2016preVFP,48.6,171752.0
/eos/cms/store/group/phys_susy/AN-24-166/pdas/condorSkim/2025-05-06-13h17m_year-2016preVFP,NonCascade_ggH_MA2-70-MA1-40,2016preVFP,48.6,161730.0
/eos/cms/store/group/phys_susy/AN-24-166/pdas/condorSkim/2025-05-06-13h17m_year-2016preVFP,NonCascade_ggH_MA2-80-MA1-40,2016preVFP,48.6,149931.0
/eos/cms/store/group/phys_susy/AN-24-166/pdas/condorSkim/2025-05-06-13h17m_year-2016preVFP,NonCascade_ggH_MA2-60-MA1-50,2016preVFP,48.6,164833.0
/eos/cms/store/group/phys_susy/AN-24-166/pdas/condorSkim/2025-05-06-13h17m_year-2016preVFP,NonCascade_ggH_MA2-70-MA1-50,2016preVFP,48.6,166567.0
/eos/cms/store/group/phys_susy/AN-24-166/pdas/condorSkim/2025-05-06-13h17m_year-2016preVFP,NonCascade_VBF_MA2-20-MA1-15,2016preVFP,3.782,148890.0
/eos/cms/store/group/phys_susy/AN-24-166/pdas/condorSkim/2025-05-06-13h17m_year-2016preVFP,NonCascade_VBF_MA2-30-MA1-15,2016preVFP,3.782,146970.0
/eos/cms/store/group/phys_susy/AN-24-166/pdas/condorSkim/2025-05-06-13h17m_year-2016preVFP,NonCascade_VBF_MA2-30-MA1-20,2016preVFP,3.782,155831.0
/eos/cms/store/group/phys_susy/AN-24-166/pdas/condorSkim/2025-05-06-13h17m_year-2016preVFP,NonCascade_VBF_MA2-40-MA1-20,2016preVFP,3.782,144298.0
/eos/cms/store/group/phys_susy/AN-24-166/pdas/condorSkim/2025-05-06-13h17m_year-2016preVFP,NonCascade_VBF_MA2-40-MA1-30,2016preVFP,3.782,147572.0
/eos/cms/store/group/phys_susy/AN-24-166/pdas/condorSkim/2025-05-06-13h17m_year-2016preVFP,NonCascade_VBF_MA2-50-MA1-30,2016preVFP,3.782,156178.0
/eos/cms/store/group/phys_susy/AN-24-166/pdas/condorSkim/2025-05-06-13h17m_year-2016preVFP,NonCascade_VBF_MA2-60-MA1-30,2016preVFP,3.782,164626.0
/eos/cms/store/group/phys_susy/AN-24-166/pdas/condorSkim/2025-05-06-13h17m_year-2016preVFP,NonCascade_VBF_MA2-50-MA1-40,2016preVFP,3.782,140240.0
/eos/cms/store/group/phys_susy/AN-24-166/pdas/condorSkim/2025-05-06-13h17m_year-2016preVFP,NonCascade_VBF_MA2-60-MA1-40,2016preVFP,3.782,149964.0
/eos/cms/store/group/phys_susy/AN-24-166/pdas/condorSkim/2025-05-06-13h17m_year-2016preVFP,NonCascade_VBF_MA2-70-MA1-40,2016preVFP,3.782,150078.0
/eos/cms/store/group/phys_susy/AN-24-166/pdas/condorSkim/2025-05-06-13h17m_year-2016preVFP,NonCascade_VBF_MA2-80-MA1-40,2016preVFP,3.782,155301.0
/eos/cms/store/group/phys_susy/AN-24-166/pdas/condorSkim/2025-05-06-13h17m_year-2016preVFP,NonCascade_VBF_MA2-60-MA1-50,2016preVFP,3.782,145388.0
/eos/cms/store/group/phys_susy/AN-24-166/pdas/condorSkim/2025-05-06-13h17m_year-2016preVFP,NonCascade_VBF_MA2-70-MA1-50,2016preVFP,3.782,151386.0
/eos/cms/store/group/phys_susy/AN-24-166/pdas/condorSkim/2025-05-06-13h17m_year-2016preVFP,SingleMuon-Run2016B_HIPM,2016preVFP,1.0,158145722.0
/eos/cms/store/group/phys_susy/AN-24-166/pdas/condorSkim/2025-05-06-13h17m_year-2016preVFP,SingleMuon-Run2016C_HIPM,2016preVFP,1.0,67441308.0
/eos/cms/store/group/phys_susy/AN-24-166/pdas/condorSkim/2025-05-06-13h17m_year-2016preVFP,SingleMuon-Run2016D_HIPM,2016preVFP,1.0,98017996.0
/eos/cms/store/group/phys_susy/AN-24-166/pdas/condorSkim/2025-05-06-13h17m_year-2016preVFP,SingleMuon-Run2016E_HIPM,2016preVFP,1.0,90984718.0
/eos/cms/store/group/phys_susy/AN-24-166/pdas/condorSkim/2025-05-06-13h17m_year-2016preVFP,SingleMuon-Run2016F_HIPM,2016preVFP,1.0,57465359.0
/eos/cms/store/group/phys_susy/AN-24-166/pdas/condorSkim/2025-05-06-13h17m_year-2016preVFP,SingleElectron-Run2016B_HIPM,2016preVFP,1.0,246440440.0
/eos/cms/store/group/phys_susy/AN-24-166/pdas/condorSkim/2025-05-06-13h17m_year-2016preVFP,SingleElectron-Run2016C_HIPM,2016preVFP,1.0,97259854.0
/eos/cms/store/group/phys_susy/AN-24-166/pdas/condorSkim/2025-05-06-13h17m_year-2016preVFP,SingleElectron-Run2016D_HIPM,2016preVFP,1.0,148167727.0
/eos/cms/store/group/phys_susy/AN-24-166/pdas/condorSkim/2025-05-06-13h17m_year-2016preVFP,SingleElectron-Run2016E_HIPM,2016preVFP,1.0,117269446.0
/eos/cms/store/group/phys_susy/AN-24-166/pdas/condorSkim/2025-05-06-13h17m_year-2016preVFP,SingleElectron-Run2016F_HIPM,2016preVFP,1.0,61735326.0
/eos/cms/store/group/phys_susy/AN-24-166/pdas/condorSkim/2025-05-06-13h17m_year-2016preVFP,MuonEG-Run2016B_HIPM,2016preVFP,1.0,32727796.0
/eos/cms/store/group/phys_susy/AN-24-166/pdas/condorSkim/2025-05-06-13h17m_year-2016preVFP,MuonEG-Run2016C_HIPM,2016preVFP,1.0,15405678.0
/eos/cms/store/group/phys_susy/AN-24-166/pdas/condorSkim/2025-05-06-13h17m_year-2016preVFP,MuonEG-Run2016D_HIPM,2016preVFP,1.0,23482352.0
/eos/cms/store/group/phys_susy/AN-24-166/pdas/condorSkim/2025-05-06-13h17m_year-2016preVFP,MuonEG-Run2016E_HIPM,2016preVFP,1.0,22519303.0
/eos/cms/store/group/phys_susy/AN-24-166/pdas/condorSkim/2025-05-06-13h17m_year-2016preVFP,MuonEG-Run2016F_HIPM,2016preVFP,1.0,14100826.0
/eos/cms/store/group/phys_susy/AN-24-166/pdas/condorSkim/2025-05-06-13h17m_year-2016preVFP,Embedded-Run2016B-HIPM-MuTau,2016preVFP,1.0,3681133.0
/eos/cms/store/group/phys_susy/AN-24-166/pdas/condorSkim/2025-05-06-13h17m_year-2016preVFP,Embedded-Run2016C-HIPM-MuTau,2016preVFP,1.0,1533712.0
/eos/cms/store/group/phys_susy/AN-24-166/pdas/condorSkim/2025-05-06-13h17m_year-2016preVFP,Embedded-Run2016D-HIPM-MuTau,2016preVFP,1.0,2528017.0
/eos/cms/store/group/phys_susy/AN-24-166/pdas/condorSkim/2025-05-06-13h17m_year-2016preVFP,Embedded-Run2016E-HIPM-MuTau,2016preVFP,1.0,2255185.0
/eos/cms/store/group/phys_susy/AN-24-166/pdas/condorSkim/2025-05-06-13h17m_year-2016preVFP,Embedded-Run2016F-HIPM-MuTau,2016preVFP,1.0,1405277.0
/eos/cms/store/group/phys_susy/AN-24-166/pdas/condorSkim/2025-05-06-13h17m_year-2016preVFP,Embedded-Run2016B-HIPM-ElTau,2016preVFP,1.0,3681620.0
/eos/cms/store/group/phys_susy/AN-24-166/pdas/condorSkim/2025-05-06-13h17m_year-2016preVFP,Embedded-Run2016C-HIPM-ElTau,2016preVFP,1.0,1534006.0
/eos/cms/store/group/phys_susy/AN-24-166/pdas/condorSkim/2025-05-06-13h17m_year-2016preVFP,Embedded-Run2016D-HIPM-ElTau,2016preVFP,1.0,2528341.0
/eos/cms/store/group/phys_susy/AN-24-166/pdas/condorSkim/2025-05-06-13h17m_year-2016preVFP,Embedded-Run2016E-HIPM-ElTau,2016preVFP,1.0,2255051.0
/eos/cms/store/group/phys_susy/AN-24-166/pdas/condorSkim/2025-05-06-13h17m_year-2016preVFP,Embedded-Run2016F-HIPM-ElTau,2016preVFP,1.0,1405258.0
/eos/cms/store/group/phys_susy/AN-24-166/pdas/condorSkim/2025-05-06-13h17m_year-2016preVFP,Embedded-Run2016B-HIPM-ElMu,2016preVFP,1.0,4098044.0
/eos/cms/store/group/phys_susy/AN-24-166/pdas/condorSkim/2025-05-06-13h17m_year-2016preVFP,Embedded-Run2016C-HIPM-ElMu,2016preVFP,1.0,1708650.0
/eos/cms/store/group/phys_susy/AN-24-166/pdas/condorSkim/2025-05-06-13h17m_year-2016preVFP,Embedded-Run2016D-HIPM-ElMu,2016preVFP,1.0,2818695.0
/eos/cms/store/group/phys_susy/AN-24-166/pdas/condorSkim/2025-05-06-13h17m_year-2016preVFP,Embedded-Run2016E-HIPM-ElMu,2016preVFP,1.0,2516750.0
/eos/cms/store/group/phys_susy/AN-24-166/pdas/condorSkim/2025-05-06-13h17m_year-2016preVFP,Embedded-Run2016F-HIPM-ElMu,2016preVFP,1.0,1570276.0
