/eos/cms/store/group/phys_susy/AN-24-166/pdas/condorSkim/2025-05-06-14h20m_year-2016postVFP,DYJetsToLL_M-50,2016postVFP,6077.22,82448537.0
/eos/cms/store/group/phys_susy/AN-24-166/pdas/condorSkim/2025-05-06-14h20m_year-2016postVFP,DY1JetsToLL,2016postVFP,876.9,31570459.0
/eos/cms/store/group/phys_susy/AN-24-166/pdas/condorSkim/2025-05-06-14h20m_year-2016postVFP,DY2JetsToLL,2016postVFP,306.4,14573456.0
/eos/cms/store/group/phys_susy/AN-24-166/pdas/condorSkim/2025-05-06-14h20m_year-2016postVFP,DY3JetsToLL,2016postVFP,112.0,9553830.0
/eos/cms/store/group/phys_susy/AN-24-166/pdas/condorSkim/2025-05-06-14h20m_year-2016postVFP,DY4JetsToLL,2016postVFP,44.03,4450325.0
/eos/cms/store/group/phys_susy/AN-24-166/pdas/condorSkim/2025-05-06-14h20m_year-2016postVFP,DYJetsToLL_M-10to50,2016postVFP,15890.0,22388550.0
/eos/cms/store/group/phys_susy/AN-24-166/pdas/condorSkim/2025-05-06-14h20m_year-2016postVFP,DY1JetsToLL_M-10to50,2016postVFP,565.8,1824652.0
/eos/cms/store/group/phys_susy/AN-24-166/pdas/condorSkim/2025-05-06-14h20m_year-2016postVFP,DY2JetsToLL_M-10to50,2016postVFP,314.7,1650879.0
/eos/cms/store/group/phys_susy/AN-24-166/pdas/condorSkim/2025-05-06-14h20m_year-2016postVFP,DY3JetsToLL_M-10to50,2016postVFP,77.15,2190922.0
/eos/cms/store/group/phys_susy/AN-24-166/pdas/condorSkim/2025-05-06-14h20m_year-2016postVFP,DY4JetsToLL_M-10to50,2016postVFP,28.47,1852229.0
/eos/cms/store/group/phys_susy/AN-24-166/pdas/condorSkim/2025-05-06-14h20m_year-2016postVFP,GluGluHToTauTau,2016postVFP,3.0469,6439000.0
/eos/cms/store/group/phys_susy/AN-24-166/pdas/condorSkim/2025-05-06-14h20m_year-2016postVFP,GluGluHToWWTo2L2Nu,2016postVFP,1.10195,4882983.0
/eos/cms/store/group/phys_susy/AN-24-166/pdas/condorSkim/2025-05-06-14h20m_year-2016postVFP,GluGluZH_HToWW,2016postVFP,0.02622099,3199374.0
/eos/cms/store/group/phys_susy/AN-24-166/pdas/condorSkim/2025-05-06-14h20m_year-2016postVFP,HWminusJ_HToWW,2016postVFP,0.114,2931162.0
/eos/cms/store/group/phys_susy/AN-24-166/pdas/condorSkim/2025-05-06-14h20m_year-2016postVFP,HWplusJ_HToWW,2016postVFP,0.180,2855188.0
/eos/cms/store/group/phys_susy/AN-24-166/pdas/condorSkim/2025-05-06-14h20m_year-2016postVFP,HZJ_HToWW,2016postVFP,0.163,2959129.0
/eos/cms/store/group/phys_susy/AN-24-166/pdas/condorSkim/2025-05-06-14h20m_year-2016postVFP,ST_t-channel_antitop,2016postVFP,80.0,30609000.0
/eos/cms/store/group/phys_susy/AN-24-166/pdas/condorSkim/2025-05-06-14h20m_year-2016postVFP,ST_t-channel_top,2016postVFP,134.2,63073000.0
/eos/cms/store/group/phys_susy/AN-24-166/pdas/condorSkim/2025-05-06-14h20m_year-2016postVFP,ST_tW_antitop,2016postVFP,39.65,2554000.0
/eos/cms/store/group/phys_susy/AN-24-166/pdas/condorSkim/2025-05-06-14h20m_year-2016postVFP,ST_tW_top,2016postVFP,39.65,2491000.0
/eos/cms/store/group/phys_susy/AN-24-166/pdas/condorSkim/2025-05-06-14h20m_year-2016postVFP,TTTo2L2Nu,2016postVFP,89.16,43546000.0
/eos/cms/store/group/phys_susy/AN-24-166/pdas/condorSkim/2025-05-06-14h20m_year-2016postVFP,TTToHadronic,2016postVFP,378.82,107067000.0
/eos/cms/store/group/phys_susy/AN-24-166/pdas/condorSkim/2025-05-06-14h20m_year-2016postVFP,TTToSemiLeptonic,2016postVFP,367.68,144722000.0
/eos/cms/store/group/phys_susy/AN-24-166/pdas/condorSkim/2025-05-06-14h20m_year-2016postVFP,VBFHToTauTau,2016postVFP,0.237,1500000.0
/eos/cms/store/group/phys_susy/AN-24-166/pdas/condorSkim/2025-05-06-14h20m_year-2016postVFP,VBFHToWWTo2L2Nu,2016postVFP,0.0864,2893000.0
/eos/cms/store/group/phys_susy/AN-24-166/pdas/condorSkim/2025-05-06-14h20m_year-2016postVFP,VVTo2L2Nu,2016postVFP,14.26,39742795.0
/eos/cms/store/group/phys_susy/AN-24-166/pdas/condorSkim/2025-05-06-14h20m_year-2016postVFP,W1JetsToLNu,2016postVFP,8927.0,42019790.0
/eos/cms/store/group/phys_susy/AN-24-166/pdas/condorSkim/2025-05-06-14h20m_year-2016postVFP,W2JetsToLNu,2016postVFP,2809.0,24453579.0
/eos/cms/store/group/phys_susy/AN-24-166/pdas/condorSkim/2025-05-06-14h20m_year-2016postVFP,W3JetsToLNu,2016postVFP,826.3,17832683.0
/eos/cms/store/group/phys_susy/AN-24-166/pdas/condorSkim/2025-05-06-14h20m_year-2016postVFP,W4JetsToLNu,2016postVFP,494.6,4816485.0
/eos/cms/store/group/phys_susy/AN-24-166/pdas/condorSkim/2025-05-06-14h20m_year-2016postVFP,WJetsToLNu,2016postVFP,53870.0,80958227.0
/eos/cms/store/group/phys_susy/AN-24-166/pdas/condorSkim/2025-05-06-14h20m_year-2016postVFP,WJetsToLNu-ext1,2016postVFP,53870.0,80958227.0
/eos/cms/store/group/phys_susy/AN-24-166/pdas/condorSkim/2025-05-06-14h20m_year-2016postVFP,WZTo2Q2L,2016postVFP,6.419,13526954.0
/eos/cms/store/group/phys_susy/AN-24-166/pdas/condorSkim/2025-05-06-14h20m_year-2016postVFP,WZTo3LNu,2016postVFP,4.43,10441724.0
/eos/cms/store/group/phys_susy/AN-24-166/pdas/condorSkim/2025-05-06-14h20m_year-2016postVFP,WminusHToTauTau,2016postVFP,0.0334,1995182.0
/eos/cms/store/group/phys_susy/AN-24-166/pdas/condorSkim/2025-05-06-14h20m_year-2016postVFP,WplusHToTauTau,2016postVFP,0.0527,2000000.0
/eos/cms/store/group/phys_susy/AN-24-166/pdas/condorSkim/2025-05-06-14h20m_year-2016postVFP,ZHToTauTau,2016postVFP,0.477,2419675.0
/eos/cms/store/group/phys_susy/AN-24-166/pdas/condorSkim/2025-05-06-14h20m_year-2016postVFP,ZZTo2Q2L,2016postVFP,3.676,13740600.0
/eos/cms/store/group/phys_susy/AN-24-166/pdas/condorSkim/2025-05-06-14h20m_year-2016postVFP,ZZTo4L,2016postVFP,1.325,52104000.0
/eos/cms/store/group/phys_susy/AN-24-166/pdas/condorSkim/2025-05-06-14h20m_year-2016postVFP,ttHToNonbb,2016postVFP,0.212,2240994.0
/eos/cms/store/group/phys_susy/AN-24-166/pdas/condorSkim/2025-05-06-14h20m_year-2016postVFP,ttHTobb,2016postVFP,0.295,4937000.0
/eos/cms/store/group/phys_susy/AN-24-166/pdas/condorSkim/2025-05-06-14h20m_year-2016postVFP,Cascade_ggH_MA1-15_MA2-100,2016postVFP,48.6,191237.0
/eos/cms/store/group/phys_susy/AN-24-166/pdas/condorSkim/2025-05-06-14h20m_year-2016postVFP,Cascade_ggH_MA1-15_MA2-110,2016postVFP,48.6,143035.0
/eos/cms/store/group/phys_susy/AN-24-166/pdas/condorSkim/2025-05-06-14h20m_year-2016postVFP,Cascade_ggH_MA1-15_MA2-30,2016postVFP,48.6,144186.0
/eos/cms/store/group/phys_susy/AN-24-166/pdas/condorSkim/2025-05-06-14h20m_year-2016postVFP,Cascade_ggH_MA1-15_MA2-40,2016postVFP,48.6,118518.0
/eos/cms/store/group/phys_susy/AN-24-166/pdas/condorSkim/2025-05-06-14h20m_year-2016postVFP,Cascade_ggH_MA1-15_MA2-50,2016postVFP,48.6,119840.0
/eos/cms/store/group/phys_susy/AN-24-166/pdas/condorSkim/2025-05-06-14h20m_year-2016postVFP,Cascade_ggH_MA1-15_MA2-60,2016postVFP,48.6,159998.0
/eos/cms/store/group/phys_susy/AN-24-166/pdas/condorSkim/2025-05-06-14h20m_year-2016postVFP,Cascade_ggH_MA1-15_MA2-70,2016postVFP,48.6,136247.0
/eos/cms/store/group/phys_susy/AN-24-166/pdas/condorSkim/2025-05-06-14h20m_year-2016postVFP,Cascade_ggH_MA1-15_MA2-80,2016postVFP,48.6,170505.0
/eos/cms/store/group/phys_susy/AN-24-166/pdas/condorSkim/2025-05-06-14h20m_year-2016postVFP,Cascade_ggH_MA1-15_MA2-90,2016postVFP,48.6,219006.0
/eos/cms/store/group/phys_susy/AN-24-166/pdas/condorSkim/2025-05-06-14h20m_year-2016postVFP,Cascade_ggH_MA1-20_MA2-100,2016postVFP,48.6,142636.0
/eos/cms/store/group/phys_susy/AN-24-166/pdas/condorSkim/2025-05-06-14h20m_year-2016postVFP,Cascade_ggH_MA1-20_MA2-40,2016postVFP,48.6,105829.0
/eos/cms/store/group/phys_susy/AN-24-166/pdas/condorSkim/2025-05-06-14h20m_year-2016postVFP,Cascade_ggH_MA1-20_MA2-50,2016postVFP,48.6,145524.0
/eos/cms/store/group/phys_susy/AN-24-166/pdas/condorSkim/2025-05-06-14h20m_year-2016postVFP,Cascade_ggH_MA1-20_MA2-60,2016postVFP,48.6,103868.0
/eos/cms/store/group/phys_susy/AN-24-166/pdas/condorSkim/2025-05-06-14h20m_year-2016postVFP,Cascade_ggH_MA1-20_MA2-70,2016postVFP,48.6,135989.0
/eos/cms/store/group/phys_susy/AN-24-166/pdas/condorSkim/2025-05-06-14h20m_year-2016postVFP,Cascade_ggH_MA1-20_MA2-80,2016postVFP,48.6,138174.0
/eos/cms/store/group/phys_susy/AN-24-166/pdas/condorSkim/2025-05-06-14h20m_year-2016postVFP,Cascade_ggH_MA1-20_MA2-90,2016postVFP,48.6,222307.0
/eos/cms/store/group/phys_susy/AN-24-166/pdas/condorSkim/2025-05-06-14h20m_year-2016postVFP,Cascade_ggH_MA1-30_MA2-60,2016postVFP,48.6,170800.0
/eos/cms/store/group/phys_susy/AN-24-166/pdas/condorSkim/2025-05-06-14h20m_year-2016postVFP,Cascade_ggH_MA1-30_MA2-70,2016postVFP,48.6,121706.0
/eos/cms/store/group/phys_susy/AN-24-166/pdas/condorSkim/2025-05-06-14h20m_year-2016postVFP,Cascade_ggH_MA1-30_MA2-80,2016postVFP,48.6,111853.0
/eos/cms/store/group/phys_susy/AN-24-166/pdas/condorSkim/2025-05-06-14h20m_year-2016postVFP,Cascade_ggH_MA1-30_MA2-90,2016postVFP,48.6,170552.0
/eos/cms/store/group/phys_susy/AN-24-166/pdas/condorSkim/2025-05-06-14h20m_year-2016postVFP,Cascade_VBF_MA1-15_MA2-100,2016postVFP,3.782,136163.0
/eos/cms/store/group/phys_susy/AN-24-166/pdas/condorSkim/2025-05-06-14h20m_year-2016postVFP,Cascade_VBF_MA1-15_MA2-110,2016postVFP,3.782,138657.0
/eos/cms/store/group/phys_susy/AN-24-166/pdas/condorSkim/2025-05-06-14h20m_year-2016postVFP,Cascade_VBF_MA1-15_MA2-30,2016postVFP,3.782,164057.0
/eos/cms/store/group/phys_susy/AN-24-166/pdas/condorSkim/2025-05-06-14h20m_year-2016postVFP,Cascade_VBF_MA1-15_MA2-40,2016postVFP,3.782,142152.0
/eos/cms/store/group/phys_susy/AN-24-166/pdas/condorSkim/2025-05-06-14h20m_year-2016postVFP,Cascade_VBF_MA1-15_MA2-50,2016postVFP,3.782,146487.0
/eos/cms/store/group/phys_susy/AN-24-166/pdas/condorSkim/2025-05-06-14h20m_year-2016postVFP,Cascade_VBF_MA1-15_MA2-60,2016postVFP,3.782,173344.0
/eos/cms/store/group/phys_susy/AN-24-166/pdas/condorSkim/2025-05-06-14h20m_year-2016postVFP,Cascade_VBF_MA1-15_MA2-70,2016postVFP,3.782,167480.0
/eos/cms/store/group/phys_susy/AN-24-166/pdas/condorSkim/2025-05-06-14h20m_year-2016postVFP,Cascade_VBF_MA1-15_MA2-80,2016postVFP,3.782,155602.0
/eos/cms/store/group/phys_susy/AN-24-166/pdas/condorSkim/2025-05-06-14h20m_year-2016postVFP,Cascade_VBF_MA1-15_MA2-90,2016postVFP,3.782,178489.0
/eos/cms/store/group/phys_susy/AN-24-166/pdas/condorSkim/2025-05-06-14h20m_year-2016postVFP,Cascade_VBF_MA1-20_MA2-100,2016postVFP,3.782,112625.0
/eos/cms/store/group/phys_susy/AN-24-166/pdas/condorSkim/2025-05-06-14h20m_year-2016postVFP,Cascade_VBF_MA1-20_MA2-40,2016postVFP,3.782,168338.0
/eos/cms/store/group/phys_susy/AN-24-166/pdas/condorSkim/2025-05-06-14h20m_year-2016postVFP,Cascade_VBF_MA1-20_MA2-50,2016postVFP,3.782,134279.0
/eos/cms/store/group/phys_susy/AN-24-166/pdas/condorSkim/2025-05-06-14h20m_year-2016postVFP,Cascade_VBF_MA1-20_MA2-60,2016postVFP,3.782,155934.0
/eos/cms/store/group/phys_susy/AN-24-166/pdas/condorSkim/2025-05-06-14h20m_year-2016postVFP,Cascade_VBF_MA1-20_MA2-70,2016postVFP,3.782,128447.0
/eos/cms/store/group/phys_susy/AN-24-166/pdas/condorSkim/2025-05-06-14h20m_year-2016postVFP,Cascade_VBF_MA1-20_MA2-80,2016postVFP,3.782,159300.0
/eos/cms/store/group/phys_susy/AN-24-166/pdas/condorSkim/2025-05-06-14h20m_year-2016postVFP,Cascade_VBF_MA1-20_MA2-90,2016postVFP,3.782,120722.0
/eos/cms/store/group/phys_susy/AN-24-166/pdas/condorSkim/2025-05-06-14h20m_year-2016postVFP,Cascade_VBF_MA1-30_MA2-60,2016postVFP,3.782,194835.0
/eos/cms/store/group/phys_susy/AN-24-166/pdas/condorSkim/2025-05-06-14h20m_year-2016postVFP,Cascade_VBF_MA1-30_MA2-70,2016postVFP,3.782,165322.0
/eos/cms/store/group/phys_susy/AN-24-166/pdas/condorSkim/2025-05-06-14h20m_year-2016postVFP,Cascade_VBF_MA1-30_MA2-80,2016postVFP,3.782,122686.0
/eos/cms/store/group/phys_susy/AN-24-166/pdas/condorSkim/2025-05-06-14h20m_year-2016postVFP,Cascade_VBF_MA1-30_MA2-90,2016postVFP,3.782,158957.0
/eos/cms/store/group/phys_susy/AN-24-166/pdas/condorSkim/2025-05-06-14h20m_year-2016postVFP,NonCascade_ggH_MA2-20-MA1-15,2016postVFP,48.6,145653.0
/eos/cms/store/group/phys_susy/AN-24-166/pdas/condorSkim/2025-05-06-14h20m_year-2016postVFP,NonCascade_ggH_MA2-30-MA1-15,2016postVFP,48.6,140383.0
/eos/cms/store/group/phys_susy/AN-24-166/pdas/condorSkim/2025-05-06-14h20m_year-2016postVFP,NonCascade_ggH_MA2-30-MA1-20,2016postVFP,48.6,154403.0
/eos/cms/store/group/phys_susy/AN-24-166/pdas/condorSkim/2025-05-06-14h20m_year-2016postVFP,NonCascade_ggH_MA2-40-MA1-20,2016postVFP,48.6,158324.0
/eos/cms/store/group/phys_susy/AN-24-166/pdas/condorSkim/2025-05-06-14h20m_year-2016postVFP,NonCascade_ggH_MA2-40-MA1-30,2016postVFP,48.6,156326.0
/eos/cms/store/group/phys_susy/AN-24-166/pdas/condorSkim/2025-05-06-14h20m_year-2016postVFP,NonCascade_ggH_MA2-50-MA1-30,2016postVFP,48.6,138636.0
/eos/cms/store/group/phys_susy/AN-24-166/pdas/condorSkim/2025-05-06-14h20m_year-2016postVFP,NonCascade_ggH_MA2-60-MA1-30,2016postVFP,48.6,144468.0
/eos/cms/store/group/phys_susy/AN-24-166/pdas/condorSkim/2025-05-06-14h20m_year-2016postVFP,NonCascade_ggH_MA2-50-MA1-40,2016postVFP,48.6,145943.0
/eos/cms/store/group/phys_susy/AN-24-166/pdas/condorSkim/2025-05-06-14h20m_year-2016postVFP,NonCascade_ggH_MA2-60-MA1-40,2016postVFP,48.6,172244.0
/eos/cms/store/group/phys_susy/AN-24-166/pdas/condorSkim/2025-05-06-14h20m_year-2016postVFP,NonCascade_ggH_MA2-70-MA1-40,2016postVFP,48.6,154985.0
/eos/cms/store/group/phys_susy/AN-24-166/pdas/condorSkim/2025-05-06-14h20m_year-2016postVFP,NonCascade_ggH_MA2-80-MA1-40,2016postVFP,48.6,151167.0
/eos/cms/store/group/phys_susy/AN-24-166/pdas/condorSkim/2025-05-06-14h20m_year-2016postVFP,NonCascade_ggH_MA2-60-MA1-50,2016postVFP,48.6,149613.0
/eos/cms/store/group/phys_susy/AN-24-166/pdas/condorSkim/2025-05-06-14h20m_year-2016postVFP,NonCascade_ggH_MA2-70-MA1-50,2016postVFP,48.6,144330.0
/eos/cms/store/group/phys_susy/AN-24-166/pdas/condorSkim/2025-05-06-14h20m_year-2016postVFP,NonCascade_VBF_MA2-20-MA1-15,2016postVFP,3.782,149120.0
/eos/cms/store/group/phys_susy/AN-24-166/pdas/condorSkim/2025-05-06-14h20m_year-2016postVFP,NonCascade_VBF_MA2-30-MA1-15,2016postVFP,3.782,160929.0
/eos/cms/store/group/phys_susy/AN-24-166/pdas/condorSkim/2025-05-06-14h20m_year-2016postVFP,NonCascade_VBF_MA2-30-MA1-20,2016postVFP,3.782,145775.0
/eos/cms/store/group/phys_susy/AN-24-166/pdas/condorSkim/2025-05-06-14h20m_year-2016postVFP,NonCascade_VBF_MA2-40-MA1-20,2016postVFP,3.782,148830.0
/eos/cms/store/group/phys_susy/AN-24-166/pdas/condorSkim/2025-05-06-14h20m_year-2016postVFP,NonCascade_VBF_MA2-40-MA1-30,2016postVFP,3.782,147521.0
/eos/cms/store/group/phys_susy/AN-24-166/pdas/condorSkim/2025-05-06-14h20m_year-2016postVFP,NonCascade_VBF_MA2-50-MA1-30,2016postVFP,3.782,151682.0
/eos/cms/store/group/phys_susy/AN-24-166/pdas/condorSkim/2025-05-06-14h20m_year-2016postVFP,NonCascade_VBF_MA2-60-MA1-30,2016postVFP,3.782,160605.0
/eos/cms/store/group/phys_susy/AN-24-166/pdas/condorSkim/2025-05-06-14h20m_year-2016postVFP,NonCascade_VBF_MA2-50-MA1-40,2016postVFP,3.782,153919.0
/eos/cms/store/group/phys_susy/AN-24-166/pdas/condorSkim/2025-05-06-14h20m_year-2016postVFP,NonCascade_VBF_MA2-60-MA1-40,2016postVFP,3.782,144990.0
/eos/cms/store/group/phys_susy/AN-24-166/pdas/condorSkim/2025-05-06-14h20m_year-2016postVFP,NonCascade_VBF_MA2-70-MA1-40,2016postVFP,3.782,149388.0
/eos/cms/store/group/phys_susy/AN-24-166/pdas/condorSkim/2025-05-06-14h20m_year-2016postVFP,NonCascade_VBF_MA2-80-MA1-40,2016postVFP,3.782,143379.0
/eos/cms/store/group/phys_susy/AN-24-166/pdas/condorSkim/2025-05-06-14h20m_year-2016postVFP,NonCascade_VBF_MA2-60-MA1-50,2016postVFP,3.782,141785.0
/eos/cms/store/group/phys_susy/AN-24-166/pdas/condorSkim/2025-05-06-14h20m_year-2016postVFP,NonCascade_VBF_MA2-70-MA1-50,2016postVFP,3.782,161029.0
/eos/cms/store/group/phys_susy/AN-24-166/pdas/condorSkim/2025-05-06-14h20m_year-2016postVFP,Embedded-Run2016F-MuTau,2016postVFP,1.0,295786.0
/eos/cms/store/group/phys_susy/AN-24-166/pdas/condorSkim/2025-05-06-14h20m_year-2016postVFP,Embedded-Run2016G-MuTau,2016postVFP,1.0,5536664.0
/eos/cms/store/group/phys_susy/AN-24-166/pdas/condorSkim/2025-05-06-14h20m_year-2016postVFP,Embedded-Run2016H-MuTau,2016postVFP,1.0,6509703.0
/eos/cms/store/group/phys_susy/AN-24-166/pdas/condorSkim/2025-05-06-14h20m_year-2016postVFP,Embedded-Run2016F-ElTau,2016postVFP,1.0,295839.0
/eos/cms/store/group/phys_susy/AN-24-166/pdas/condorSkim/2025-05-06-14h20m_year-2016postVFP,Embedded-Run2016G-ElTau,2016postVFP,1.0,5537230.0
/eos/cms/store/group/phys_susy/AN-24-166/pdas/condorSkim/2025-05-06-14h20m_year-2016postVFP,Embedded-Run2016H-ElTau,2016postVFP,1.0,6510323.0
/eos/cms/store/group/phys_susy/AN-24-166/pdas/condorSkim/2025-05-06-14h20m_year-2016postVFP,Embedded-Run2016F-ElMu,2016postVFP,1.0,330129.0
/eos/cms/store/group/phys_susy/AN-24-166/pdas/condorSkim/2025-05-06-14h20m_year-2016postVFP,Embedded-Run2016G-ElMu,2016postVFP,1.0,6182307.0
/eos/cms/store/group/phys_susy/AN-24-166/pdas/condorSkim/2025-05-06-14h20m_year-2016postVFP,Embedded-Run2016H-ElMu,2016postVFP,1.0,7269936.0
/eos/cms/store/group/phys_susy/AN-24-166/pdas/condorSkim/2025-05-06-14h20m_year-2016postVFP,SingleMuon-Run2016F,2016postVFP,1.0,8024195.0
/eos/cms/store/group/phys_susy/AN-24-166/pdas/condorSkim/2025-05-06-14h20m_year-2016postVFP,SingleMuon-Run2016G,2016postVFP,1.0,149916849.0
/eos/cms/store/group/phys_susy/AN-24-166/pdas/condorSkim/2025-05-06-14h20m_year-2016postVFP,SingleMuon-Run2016H,2016postVFP,1.0,174035164.0
/eos/cms/store/group/phys_susy/AN-24-166/pdas/condorSkim/2025-05-06-14h20m_year-2016postVFP,SingleElectron-Run2016F,2016postVFP,1.0,8858206.0
/eos/cms/store/group/phys_susy/AN-24-166/pdas/condorSkim/2025-05-06-14h20m_year-2016postVFP,SingleElectron-Run2016G,2016postVFP,1.0,153363109.0
/eos/cms/store/group/phys_susy/AN-24-166/pdas/condorSkim/2025-05-06-14h20m_year-2016postVFP,SingleElectron-Run2016H,2016postVFP,1.0,129021893.0
/eos/cms/store/group/phys_susy/AN-24-166/pdas/condorSkim/2025-05-06-14h20m_year-2016postVFP,MuonEG-Run2016F,2016postVFP,1.0,1901339.0
/eos/cms/store/group/phys_susy/AN-24-166/pdas/condorSkim/2025-05-06-14h20m_year-2016postVFP,MuonEG-Run2016G,2016postVFP,1.0,33854612.0
/eos/cms/store/group/phys_susy/AN-24-166/pdas/condorSkim/2025-05-06-14h20m_year-2016postVFP,MuonEG-Run2016H,2016postVFP,1.0,29236516.0
